,Symbol,Company Name, SERIES, DATE OF LISTING, PAID UP VALUE, MARKET LOT, ISIN NUMBER, FACE VALUE
43,ADANIENT,Adani Enterprises Limited,EQ,4-Jun-97,1,1,INE423A01024,1
45,ADANIPORTS,Adani Ports and Special Economic Zone Limited,EQ,27-Nov-07,2,1,INE742F01042,2
106,AMBUJACEM,Ambuja Cements Limited,EQ,18-Feb-98,2,1,INE079A01024,2
131,APOLLOHOSP,Apollo Hospitals Enterprise Limited,EQ,10-Jan-96,5,1,INE437A01024,5
167,ASIANPAINT,Asian Paints Limited,EQ,31-May-95,1,1,INE021A01026,1
188,AUROPHARMA,Aurobindo Pharma Limited,EQ,19-Jul-00,1,1,INE406A01037,1
205,AXISBANK,Axis Bank Limited,EQ,16-Nov-98,2,1,INE238A01034,2
213,BAJAJ-AUTO,Bajaj Auto Limited,EQ,26-May-08,10,1,INE917I01010,10
216,BAJAJFINSV,Bajaj Finserv Limited,EQ,26-May-08,1,1,INE918I01026,1
220,BAJAJHLDNG,Bajaj Holdings & Investment Limited,EQ,15-Mar-95,10,1,INE118A01012,10
223,BAJFINANCE,Bajaj Finance Limited,EQ,1-Apr-03,2,1,INE296A01024,2
237,BANDHANBNK,Bandhan Bank Limited,EQ,27-Mar-18,10,1,INE545U01014,10
240,BANKBARODA,Bank of Baroda,EQ,19-Feb-97,2,1,INE028A01039,2
259,BEL,Bharat Electronics Limited,EQ,19-Jul-00,1,1,INE263A01024,1
262,BERGEPAINT,Berger Paints (I) Limited,EQ,24-Nov-99,1,1,INE463A01038,1
271,BHARATFORG,Bharat Forge Limited,EQ,4-Apr-03,2,1,INE465A01025,2
276,BHARTIARTL,Bharti Airtel Limited,EQ,15-Feb-02,5,1,INE397D01024,5
278,BHEL,Bharat Heavy Electricals Limited,EQ,11-Nov-03,2,1,INE257A01026,2
283,BIOCON,Biocon Limited,EQ,7-Apr-04,5,1,INE376G01013,5
308,BPCL,Bharat Petroleum Corporation Limited,EQ,13-Sep-95,10,1,INE029A01011,10
311,BRITANNIA,Britannia Industries Limited,EQ,5-Nov-98,1,1,INE216A01030,1
326,CANBK,Canara Bank,EQ,23-Dec-02,2,1,INE476A01022,2
368,CHOLAFIN,Cholamandalam Investment and Finance Company Limited,EQ,15-May-96,2,1,INE121A01024,2
374,CIPLA,Cipla Limited,EQ,8-Feb-95,2,1,INE059A01026,2
379,COALINDIA,Coal India Limited,EQ,4-Nov-10,10,1,INE522F01014,10
384,COLPAL,Colgate Palmolive (India) Limited,EQ,17-Dec-07,1,1,INE259A01022,1
419,DABUR,Dabur India Limited,EQ,28-Apr-99,1,1,INE016A01026,1
478,DIVISLAB,Divi's Laboratories Limited,EQ,12-Mar-03,2,1,INE361B01024,2
481,DLF,DLF Limited,EQ,5-Jul-07,2,1,INE271C01023,2
498,DRREDDY,Dr. Reddy's Laboratories Limited,EQ,30-May-03,1,1,INE089A01031,1
512,EICHERMOT,Eicher Motors Limited,EQ,7-Sep-04,1,1,INE066A01021,1
550,ESCORTS,Escorts Kubota Limited,EQ,1-Mar-95,10,1,INE042A01014,10
563,EXIDEIND,Exide Industries Limited,EQ,17-Jun-03,1,1,INE302A01020,1
572,FEDERALBNK,The Federal Bank  Limited,EQ,8-Feb-95,2,1,INE171A01029,2
603,GAIL,GAIL (India) Limited,EQ,2-Apr-97,10,1,INE129A01019,10
641,GLAND,Gland Pharma Limited,EQ,20-Nov-20,1,1,INE068V01023,1
666,GODREJCP,Godrej Consumer Products Limited,EQ,20-Jun-01,1,1,INE102D01028,1
668,GODREJPROP,Godrej Properties Limited,EQ,5-Jan-10,5,1,INE484J01027,5
685,GRASIM,Grasim Industries Limited,EQ,10-May-95,2,1,INE047A01021,2
728,HAVELLS,Havells India Limited,EQ,21-Mar-01,1,1,INE176B01034,1
735,HCLTECH,HCL Technologies Limited,EQ,6-Jan-00,2,1,INE860A01027,2
737,HDFCBANK,HDFC Bank Limited,EQ,8-Nov-95,1,1,INE040A01034,1
738,HDFCLIFE,HDFC Life Insurance Company Limited,EQ,17-Nov-17,10,1,INE795G01014,10
748,HEROMOTOCO,Hero MotoCorp Limited,EQ,11-Apr-03,2,1,INE158A01026,2
759,HINDALCO,Hindalco Industries Limited,EQ,8-Jan-97,1,1,INE038A01020,1
766,HINDPETRO,Hindustan Petroleum Corporation Limited,EQ,17-Jun-98,10,1,INE094A01015,10
767,HINDUNILVR,Hindustan Unilever Limited,EQ,6-Jul-95,1,1,INE030A01027,1
798,ICICIBANK,ICICI Bank Limited,EQ,17-Sep-97,2,1,INE090A01021,2
800,ICICIPRULI,ICICI Prudential Life Insurance Company Limited,EQ,29-Sep-16,10,1,INE726G01019,10
804,IDEA,Vodafone Idea Limited,EQ,9-Mar-07,10,1,INE669E01016,10
806,IDFCFIRSTB,IDFC First Bank Limited,EQ,6-Nov-15,10,1,INE092T01019,10
815,IGL,Indraprastha Gas Limited,EQ,26-Dec-03,2,1,INE203G01027,2
839,INDIGO,InterGlobe Aviation Limited,EQ,10-Nov-15,10,1,INE646L01027,10
856,INDUSINDBK,IndusInd Bank Limited,EQ,28-Jan-98,10,1,INE095A01012,10
857,INDUSTOWER,Indus Towers Limited,EQ,28-Dec-12,10,1,INE121J01017,10
861,INFY,Infosys Limited,EQ,8-Feb-95,5,1,INE009A01021,5
876,IOC,Indian Oil Corporation Limited,EQ,24-Jul-96,10,1,INE242A01010,10
892,ITC,ITC Limited,EQ,23-Aug-95,1,1,INE154A01025,1
923,JINDALSTEL,Jindal Steel & Power Limited,EQ,29-Dec-99,1,1,INE749A01030,1
947,JSWSTEEL,JSW Steel Limited,EQ,23-Mar-05,1,1,INE019A01038,1
951,JUBLFOOD,Jubilant Foodworks Limited,EQ,8-Feb-10,2,1,INE797F01020,2
1017,KOTAKBANK,Kotak Mahindra Bank Limited,EQ,20-Dec-95,5,1,INE237A01028,5
1048,LALPATHLAB,Dr. Lal Path Labs Ltd.,EQ,23-Dec-15,10,1,INE600L01024,10
1068,LICI,Life Insurance Corporation Of India,EQ,17-May-22,10,1,INE0J1Y01017,10
1084,LT,Larsen & Toubro Limited,EQ,23-Jun-04,2,1,INE018A01030,2
1088,LTTS,L&T Technology Services Limited,EQ,23-Sep-16,2,1,INE010V01017,2
1091,LUPIN,Lupin Limited,EQ,10-Sep-01,2,1,INE326A01037,2
1096,M&M,Mahindra & Mahindra Limited,EQ,3-Jan-96,5,1,INE101A01026,5
1140,MARICO,Marico Limited,EQ,1-May-96,1,1,INE196A01026,1
1144,MARUTI,Maruti Suzuki India Limited,EQ,9-Jul-03,5,1,INE585B01010,5
1231,MUTHOOTFIN,Muthoot Finance Limited,EQ,6-May-11,10,1,INE414G01012,10
1248,NAUKRI,Info Edge (India) Limited,EQ,21-Nov-06,10,1,INE663F01024,10
1270,NESTLEIND,Nestle India Limited,EQ,1-Aug-23,1,1,INE239A01024,1
1299,NMDC,NMDC Limited,EQ,3-Mar-08,1,1,INE584A01023,1
1310,NTPC,NTPC Limited,EQ,5-Nov-04,10,1,INE733E01010,10
1335,ONGC,Oil & Natural Gas Corporation Limited,EQ,19-Jul-95,5,1,INE213A01029,5
1358,PAGEIND,Page Industries Limited,EQ,16-Mar-07,10,1,INE761H01022,10
1386,PEL,Piramal Enterprises Limited,EQ,8-Feb-95,2,1,INE140A01024,2
1390,PETRONET,Petronet LNG Limited,EQ,26-Mar-04,10,1,INE347G01014,10
1391,PFC,Power Finance Corporation Limited,EQ,23-Feb-07,10,1,INE134E01011,10
1400,PIDILITIND,Pidilite Industries Limited,EQ,29-Mar-95,1,1,INE318A01026,1
1402,PIIND,PI Industries Limited,EQ,15-Jun-11,1,1,INE603J01030,1
1412,PNB,Punjab National Bank,EQ,24-Apr-02,2,1,INE160A01022,2
1427,POWERGRID,Power Grid Corporation of India Limited,EQ,5-Oct-07,10,1,INE752E01010,10
1512,RECLTD,REC Limited,EQ,12-Mar-08,10,1,INE020B01018,10
1520,RELIANCE,Reliance Industries Limited,EQ,29-Nov-95,10,1,INE002A01018,10
1590,SAIL,Steel Authority of India Limited,EQ,6-Jul-95,10,1,INE114A01011,10
1633,SBICARD,SBI Cards and Payment Services Limited,EQ,16-Mar-20,10,1,INE018E01016,10
1634,SBILIFE,SBI Life Insurance Company Limited,EQ,3-Oct-17,10,1,INE123W01016,10
1635,SBIN,State Bank of India,EQ,1-Mar-95,1,1,INE062A01020,1
1686,SHREECEM,SHREE CEMENT LIMITED,EQ,26-Apr-95,10,1,INE070A01015,10
1698,SIEMENS,Siemens Limited,EQ,6-Sep-95,2,1,INE003A01024,2
1759,SRF,SRF Limited,EQ,18-Aug-03,10,1,INE647A01010,10
1800,SUNPHARMA,Sun Pharmaceutical Industries Limited,EQ,8-Feb-95,1,1,INE044A01036,1
1849,TATACHEM,Tata Chemicals Limited,EQ,1-Apr-99,10,1,INE092A01019,10
1851,TATACONSUM,TATA CONSUMER PRODUCTS LIMITED,EQ,18-Nov-98,1,1,INE192A01025,1
1854,TATAMOTORS,Tata Motors Limited,EQ,22-Jul-98,2,1,INE155A01022,2
1856,TATASTEEL,Tata Steel Limited,EQ,18-Nov-98,1,1,INE081A01020,1
1865,TCS,Tata Consultancy Services Limited,EQ,25-Aug-04,1,1,INE467B01029,1
1868,TECHM,Tech Mahindra Limited,EQ,28-Aug-06,5,1,INE669C01036,5
1903,TITAN,Titan Company Limited,EQ,24-Sep-04,1,1,INE280A01028,1
1910,TORNTPHARM,Torrent Pharmaceuticals Limited,EQ,25-Nov-02,5,1,INE685A01028,5
1922,TRENT,Trent Limited,EQ,7-Jun-04,1,1,INE849A01020,1
1935,TVSMOTOR,TVS Motor Company Limited,EQ,2-Aug-00,1,1,INE494B01023,1
1951,ULTRACEMCO,UltraTech Cement Limited,EQ,24-Aug-04,10,1,INE481G01011,10
1971,UPL,UPL Limited,EQ,23-Jan-04,2,1,INE628A01036,2
1994,VEDL,Vedanta Limited,EQ,13-May-98,1,1,INE205A01025,1
2033,VOLTAS,Voltas Limited,EQ,12-Apr-95,1,1,INE226A01021,1
2066,WIPRO,Wipro Limited,EQ,8-Nov-95,2,1,INE075A01022,2
2083,ZEEL,Zee Entertainment Enterprises Limited,EQ,9-Sep-98,1,1,INE256A01028,1
